{
  "intrinsics": {
    "fx": 911.491455078125,
    "fy": 911.0181884765625,
    "cx": 656.4722900390625,
    "cy": 366.6955261230469
  }
}