{
    "cam_K": [
        911.491455078125,
        0.0,
        656.4722900390625,
        0.0,
        911.0181884765625,
        366.6955261230469,
        0.0,
        0.0,
        1.0
    ],
    "depth_scale": 0.0010000000474974513
}